width|height|inUse|brand
897|521|false|Vestibulum Mauris PC
825|568|true|Nulla Eget Metus Consulting
406|391|true|Varius Nam Ltd
564|355|true|Blandit Enim Consequat Consulting
301|332|true|Sed Pharetra LLP
678|394|false|Egestas LLC
464|210|false|Amet Consectetuer Foundation
675|292|true|Vehicula Aliquet Libero Foundation
678|304|true|Nam Nulla Magna Ltd
624|217|true|Sagittis PC
969|422|true|Mauris Ut Consulting
457|154|false|Eu Foundation
399|418|true|Tincidunt Congue Turpis Consulting
848|519|false|Malesuada Institute
833|211|true|Sagittis Placerat Institute
405|576|false|Vivamus LLC
587|240|true|Tellus Lorem Foundation
982|323|false|Tellus Institute
931|597|true|Luctus Sit Foundation
834|250|true|Gravida Limited
806|520|false|Vulputate Lacus Cras Inc.
732|221|true|Nunc Corp.
411|304|false|Eros Nam LLC
377|583|true|Accumsan Neque Et Industries
668|488|true|Ornare Tortor At Corp.
666|562|true|Nec Urna Consulting
461|523|true|Arcu Eu LLC
844|192|false|Tincidunt Incorporated
570|205|false|Aliquet Sem Ut Foundation
204|331|true|Facilisi Sed Consulting
458|460|true|Lobortis Tellus Incorporated
844|562|false|Ut Consulting
687|569|true|Donec Institute
805|429|true|Mattis Corporation
370|552|false|Consectetuer Corporation
985|239|false|Sed Hendrerit LLC
755|193|true|A Aliquet Vel Associates
351|339|true|Turpis In PC
635|210|true|Leo Morbi Neque Inc.
898|440|true|Nunc Sed Libero Foundation
212|507|true|Cursus Diam Corp.
921|505|true|Dapibus LLP
241|386|false|Sapien Imperdiet Ornare Inc.
212|455|false|Feugiat Tellus Lorem Institute
218|286|true|Lorem Ipsum PC
205|407|true|Metus Eu Corp.
242|255|true|Lacus Nulla Corp.
923|389|false|Gravida Praesent LLC
808|470|true|Sagittis Semper Nam Ltd
293|543|true|Curabitur Dictum Phasellus Associates
813|315|false|Eu Nibh Limited