width|height|inUse|brand
955|300|true|Auctor Quis Tristique Corp.
937|234|true|Hendrerit Institute
498|338|false|Risus Morbi LLC
266|593|false|Ac Metus Incorporated
655|180|true|Sociis Natoque Corporation
508|487|true|Neque Industries
729|316|true|Dui Fusce Aliquam Consulting
258|404|false|In Ltd
906|213|false|Orci Associates
810|194|false|Sed Neque Sed Corp.
340|254|true|Est Mollis Ltd
898|395|true|Nonummy Ultricies Associates
273|296|true|Commodo Tincidunt Nibh Associates
463|358|true|Et Corporation
338|290|true|Aenean Incorporated
512|269|true|Mauris Consulting
976|415|false|Arcu Vestibulum Foundation
686|116|true|Tincidunt Corporation
717|393|true|Libero At Incorporated
867|548|false|Erat Eget Tincidunt PC
410|517|false|A Aliquet Vel Consulting
630|144|true|Suspendisse Company
373|153|true|Nonummy Ac Associates
861|167|true|Integer In Foundation
592|449|true|Dui Semper Et Industries
497|131|true|Iaculis Corp.
726|600|true|Nec Tellus Nunc Consulting
976|470|false|Rutrum Lorem LLP
969|230|false|Sed Libero Proin LLC
711|316|false|A Mi Fringilla PC
400|599|true|Sed Est Nunc Ltd
431|454|false|Mauris Ut Mi Institute
448|136|true|Vel Corp.
576|537|false|Commodo Limited
622|196|false|Nulla Ante Iaculis Company
384|219|true|Risus Donec Egestas Incorporated
662|346|false|Enim Nec LLP
614|565|false|Eu Foundation
401|151|false|Libero Nec Ligula Limited
384|460|false|Sagittis Inc.
606|260|true|Sociis Ltd
520|514|true|Consequat Dolor Vitae LLP
900|217|true|Et Ultrices Foundation
250|516|false|Leo Institute
534|588|false|Vivamus Consulting
825|557|false|Lacus Limited
727|431|false|Augue Ac Ipsum LLP
685|535|false|Dolor Dapibus Gravida Incorporated
385|312|true|Amet Risus Donec Corporation